{
    "BS": 2048,
    "LR": 0.00012251184383735154,
    "num_epoch": 3,
    "l2_regularization": 3.506705165700764e-05
}