{
    "n_trials": 2,
    "best_params": {
        "num_epoch": 1,
        "batch_size": 512,
        "learning_rate": 0.0003208416119525183,
        "rmsprop_alpha": 0.6000000000000001,
        "momentum": 0.8,
        "l2_regularization": 8.400584873492367e-05
    }
}
