{
    "n_trials": 5,
    "best_params": {
        "BS": 1024,
        "num_epoch": 10,
        "LR": 0.0005891454096711238,
        "l2_regularization": 0.00031071592807905906
    }
}
