{
    "n_trials": 1,
    "best_params": {
        "num_epoch": 50,
        "batch_size": 512,
        "learning_rate": 0.00014455048679195258,
        "rmsprop_alpha": 0.7,
        "momentum": 0.05,
        "l2_regularization": 0.0005293209936131078
    }
}
