{
    "n_trials": 1,
    "best_params": {
        "num_epoch": 50,
        "batch_size": 256,
        "learning_rate": 0.0003269228583924228,
        "rmsprop_alpha": 0.8,
        "momentum": 0.4,
        "l2_regularization": 3.31243479017209e-05
    }
}
