{
    "n_trials": 2,
    "best_params": {
        "BS": 512,
        "num_epoch": 2,
        "LR": 1.76199294408898e-05,
        "l2_regularization": 0.00019852968318935895
    }
}
{
    "n_trials": 2,
    "best_params": {
        "BS": 1024,
        "num_epoch": 3,
        "LR": 0.0005802404724768634,
        "l2_regularization": 8.704127283096143e-05
    }
}
{
    "n_trials": 2,
    "best_params": {
        "BS": 512,
        "num_epoch": 2,
        "LR": 4.494334400900022e-05,
        "l2_regularization": 1.3304669876737015e-05
    }
}
{
    "n_trials": 2,
    "best_params": {
        "BS": 2048,
        "num_epoch": 2,
        "LR": 3.099463742335991e-05,
        "l2_regularization": 0.0032448574171431667
    }
}
{
    "n_trials": 2,
    "best_params": {
        "BS": 1024,
        "num_epoch": 2,
        "LR": 0.00034318269095935737,
        "l2_regularization": 1.636576693128863e-05
    }
}
{
    "n_trials": 2,
    "best_params": {
        "BS": 2048,
        "num_epoch": 3,
        "LR": 0.00041885840996225455,
        "l2_regularization": 0.00034746503761728324
    }
}
{
    "n_trials": 2,
    "best_params": {
        "BS": 1024,
        "num_epoch": 3,
        "LR": 1.4744896728867942e-05,
        "l2_regularization": 0.001203809509432272
    }
}
{
    "n_trials": 2,
    "best_params": {
        "BS": 1024,
        "num_epoch": 2,
        "LR": 1.7885534847464033e-05,
        "l2_regularization": 2.1717353823366882e-05
    }
}
{
    "n_trials": 2,
    "best_params": {
        "BS": 2048,
        "num_epoch": 2,
        "LR": 0.0007097343329970923,
        "l2_regularization": 6.435495262908144e-05
    }
}
{
    "n_trials": 2,
    "best_params": {
        "BS": 2048,
        "num_epoch": 3,
        "LR": 0.00020658736634357849,
        "l2_regularization": 1.3133217468785536e-05
    }
}
{
    "n_trials": 2,
    "best_params": {
        "BS": 1024,
        "num_epoch": 2,
        "LR": 0.0008095117009624452,
        "l2_regularization": 7.36630661555902e-05
    }
}
{
    "n_trials": 2,
    "best_params": {
        "BS": 2048,
        "num_epoch": 3,
        "LR": 0.00042773570340520387,
        "l2_regularization": 7.120322967527645e-05
    }
}
{
    "n_trials": 2,
    "best_params": {
        "BS": 512,
        "num_epoch": 2,
        "LR": 2.54550068965421e-05,
        "l2_regularization": 0.0035828812339846207
    }
}
{
    "n_trials": 2,
    "best_params": {
        "BS": 512,
        "num_epoch": 2,
        "LR": 0.0008174812196088607,
        "l2_regularization": 0.002705248678418019
    }
}
{
    "n_trials": 2,
    "best_params": {
        "BS": 512,
        "num_epoch": 3,
        "LR": 4.3625747796455844e-05,
        "l2_regularization": 1.2770348618211525e-05
    }
}
{
    "n_trials": 2,
    "best_params": {
        "BS": 2048,
        "num_epoch": 3,
        "LR": 0.00010526185370823057,
        "l2_regularization": 2.463666662695756e-05
    }
}
{
    "n_trials": 2,
    "best_params": {
        "BS": 2048,
        "num_epoch": 2,
        "LR": 0.00028953449492328,
        "l2_regularization": 0.0005730652826179843
    }
}
{
    "n_trials": 2,
    "best_params": {
        "BS": 1024,
        "num_epoch": 3,
        "LR": 2.0380369946304467e-05,
        "l2_regularization": 0.0016726477419221825
    }
}
{
    "n_trials": 2,
    "best_params": {
        "BS": 1024,
        "num_epoch": 3,
        "LR": 0.0005392399793936128,
        "l2_regularization": 0.0002903729253131365
    }
}
{
    "n_trials": 2,
    "best_params": {
        "BS": 512,
        "num_epoch": 2,
        "LR": 0.00035103995746097784,
        "l2_regularization": 0.008025295962767846
    }
}
{
    "n_trials": 2,
    "best_params": {
        "BS": 512,
        "num_epoch": 3,
        "LR": 1.499262406180339e-05,
        "l2_regularization": 0.00022540877666900517
    }
}
{
    "n_trials": 2,
    "best_params": {
        "BS": 2048,
        "num_epoch": 2,
        "LR": 6.987491910999882e-05,
        "l2_regularization": 0.002213207679020363
    }
}
{
    "n_trials": 2,
    "best_params": {
        "BS": 2048,
        "num_epoch": 3,
        "LR": 1.4269217113790374e-05,
        "l2_regularization": 0.0002842707223457831
    }
}
{
    "n_trials": 2,
    "best_params": {
        "BS": 512,
        "num_epoch": 3,
        "LR": 2.3257328387349768e-05,
        "l2_regularization": 2.775009258894889e-05
    }
}
{
    "n_trials": 2,
    "best_params": {
        "BS": 512,
        "num_epoch": 3,
        "LR": 1.8914857534165245e-05,
        "l2_regularization": 0.009298789841357773
    }
}
{
    "n_trials": 2,
    "best_params": {
        "BS": 512,
        "num_epoch": 3,
        "LR": 0.0006751393907635813,
        "l2_regularization": 0.0026735657351055833
    }
}
{
    "n_trials": 2,
    "best_params": {
        "BS": 2048,
        "num_epoch": 3,
        "LR": 3.608967505219256e-05,
        "l2_regularization": 0.0004124074512048743
    }
}
{
    "n_trials": 2,
    "best_params": {
        "BS": 1024,
        "num_epoch": 3,
        "LR": 0.0001682831754118319,
        "l2_regularization": 0.0006370901546482247
    }
}
{
    "n_trials": 2,
    "best_params": {
        "BS": 1024,
        "num_epoch": 3,
        "LR": 0.0003362211174512142,
        "l2_regularization": 0.002192217374197348
    }
}
{
    "n_trials": 2,
    "best_params": {
        "BS": 512,
        "num_epoch": 3,
        "LR": 0.0003046911409931553,
        "l2_regularization": 5.180960006897101e-05
    }
}
{
    "n_trials": 2,
    "best_params": {
        "BS": 512,
        "num_epoch": 2,
        "LR": 1.4148468565053466e-05,
        "l2_regularization": 0.0002764936904828453
    }
}
{
    "n_trials": 2,
    "best_params": {
        "BS": 2048,
        "num_epoch": 2,
        "LR": 0.00010313136515559718,
        "l2_regularization": 0.001564936198931317
    }
}
{
    "n_trials": 2,
    "best_params": {
        "BS": 2048,
        "num_epoch": 2,
        "LR": 8.909967698020433e-05,
        "l2_regularization": 1.8485500678585132e-05
    }
}
{
    "n_trials": 2,
    "best_params": {
        "BS": 2048,
        "num_epoch": 1,
        "LR": 0.00010338801907589423,
        "l2_regularization": 0.00011574656677921143
    }
}
{
    "n_trials": 2,
    "best_params": {
        "BS": 512,
        "num_epoch": 1,
        "LR": 0.00020413594413967842,
        "l2_regularization": 0.0005860172543872507
    }
}
{
    "n_trials": 2,
    "best_params": {
        "BS": 512,
        "num_epoch": 2,
        "LR": 6.044906091596836e-05,
        "l2_regularization": 2.112791785748472e-05
    }
}
{
    "n_trials": 1,
    "best_params": {
        "BS": 1024,
        "num_epoch": 2,
        "LR": 1.635734566637614e-05,
        "l2_regularization": 1.5229511911920003e-05
    }
}
{
    "n_trials": 1,
    "best_params": {
        "BS": 512,
        "num_epoch": 2,
        "LR": 0.00045979866705986,
        "l2_regularization": 1.0199214428477265e-05
    }
}
{
    "n_trials": 1,
    "best_params": {
        "BS": 1024,
        "num_epoch": 1,
        "LR": 0.0002948960806486254,
        "l2_regularization": 6.950424546986368e-05
    }
}
{
    "n_trials": 1,
    "best_params": {
        "BS": 2048,
        "num_epoch": 1,
        "LR": 0.0001634596978751043,
        "l2_regularization": 0.0005609140036753008
    }
}
{
    "n_trials": 1,
    "best_params": {
        "BS": 2048,
        "num_epoch": 2,
        "LR": 1.0693769733879133e-05,
        "l2_regularization": 0.004981281373274231
    }
}
{
    "n_trials": 1,
    "best_params": {
        "BS": 1024,
        "num_epoch": 1,
        "LR": 0.0005114911547505407,
        "l2_regularization": 0.00034365107089418787
    }
}
