model_name,item_embds,params,results
GRU4Rec_finaltrain_bestparams_FULL,,,"recall@1=0.1509890255066654, mrr@1=0.1509890255066654, recall@5=0.376073701933113, mrr@5=0.22883790718094485, recall@10=0.5331631537261772, mrr@10=0.24967850325331634, recall@20=0.6798710161336949, mrr@20=0.2599373121875014"
ex2vec_baseline_finaltrain__BS512LR0.00014455048679195258L_DIM64N_EP50_FULL,ex2vec,,"acc=0.6352451589924956, recall=0.7127158925125888, f1=0.6325573445318814, bacc=0.6301076630853124"
ex2vec_baseline__BS512LR5e-05L_DIM64N_EP100_U1000,ex2vec,,"acc=0.6500994977731451, recall=0.8597487369785846, f1=0.630373712392424, bacc=0.6367778706308896"
ex2vec_baseline_finaltrain__BS512LR0.00014455048679195258L_DIM64N_EP50_U1000,ex2vec,,"acc=0.6449113499930197, recall=0.7917582298035291, f1=0.6350216698479413, bacc=0.6339588748717608"
ex2vec_baseline_FULL__BS512LR5e-05L_DIM64N_EP100,ex2vec,,"acc=0.6541582667721438, recall=0.7235762489682963, f1=0.6521000091238522, bacc=0.6504110400301406"
