model_name,item_embds,params,results
ex2vec_baseline_DEL__BS512LR5e-05L_DIM64N_EP100,ex2vec,,"acc=0.39, recall=0.0, f1=0.21884892086330932, bacc=0.5"
ex2vec_baseline_finaltrain_DEL__BS512LR0.0003208416119525183L_DIM64N_EP30,ex2vec,"num_epoch=30,batch_size=512,learning_rate=0.0003208416119525183,rmsprop_alpha=0.6000000000000001,momentum=0.8,l2_regularization=8.400584873492367e-05","acc=0.46454767726161367, recall=0.0, f1=0.29470470343808547, bacc=0.5"
GRU4Rec_bestparams_SM_DEL,,"loss=bpr-max,constrained_embedding=True,embedding=0,elu_param=0,layers=64,n_epochs=10,batch_size=320,dropout_p_embed=0.30000000000000004,dropout_p_hidden=0.15000000000000002,learning_rate=0.0011,momentum=0.7000000000000001,n_sample=1024,sample_alpha=0.2,bpreg=1,logq=1","recall@1=0.2396088019559902, mrr@1=0.2396088019559902, recall@5=0.5892919514994261, mrr@5=0.36093092728479614, recall@10=0.7482660545880944, mrr@10=0.38235436715466325, recall@20=0.8912229928646275, mrr@20=0.3928085089407961"
ex2vec_gruembds_finaltrain_DEL__BS512LR0.0003208416119525183L_DIM64N_EP30,GRU4Rec_bestparams_SM_DEL,"num_epoch=30,batch_size=512,learning_rate=0.0003208416119525183,rmsprop_alpha=0.6000000000000001,momentum=0.8,l2_regularization=8.400584873492367e-05","acc=0.49877750611246946, recall=0.7168949771689498, f1=0.46999890292949026, bacc=0.4821316991107907"
GRU4Rec_bestparams_ex2vecreg_DEL,,"loss=bpr-max,constrained_embedding=True,embedding=0,elu_param=0,layers=64,n_epochs=10,batch_size=320,dropout_p_embed=0.30000000000000004,dropout_p_hidden=0.15000000000000002,learning_rate=0.0011,momentum=0.7000000000000001,n_sample=1024,sample_alpha=0.2,bpreg=1,logq=1","recall@1=0.23072700963025797, mrr@1=0.23072700963025797, recall@5=0.5987725163415, mrr@5=0.35944730232268846, recall@10=0.7515094057182775, mrr@10=0.37957509019275987, recall@20=0.8944663439948106, mrr@20=0.38989420747526166"
