model_name,item_embds,params,results
ex2vec_baseline__BS512LR5e-05L_DIM64N_EP100,ex2vec,"num_epoch=100,batch_size=512,learning_rate=0.00005,rmsprop_alpha=0.99,momentum=0,l2_regularization=0.001","acc=0.6406583079285764, recall=0.8478724853548885, f1=0.6239668199810929, bacc=0.6386682615610877"
ex2vec_baseline_finaltrain__BS512LR0.0003208416119525183L_DIM64N_EP30,ex2vec,"num_epoch=30,batch_size=512,learning_rate=0.0003208416119525183,rmsprop_alpha=0.6000000000000001,momentum=0.8,l2_regularization=8.400584873492367e-05","acc=0.6493347141860099, recall=0.7304701962236209, f1=0.6466318935420308, bacc=0.6464989329558116"
GRU4Rec_bestparams_DEL,,"loss=cross-entropy,constrained_embedding=True,embedding=0,elu_param=0,layers=64,n_epochs=1,batch_size=224,dropout_p_embed=0.30000000000000004,dropout_p_hidden=0.15000000000000002,learning_rate=0.0011,momentum=0.7000000000000001,n_sample=256,sample_alpha=0.2,bpreg=0.55,logq=0.9","recall@1=0.062056585247512785, mrr@1=0.062056585247512785, recall@5=0.24335667580853626, mrr@5=0.12237612958639249, recall@10=0.40157863807431704, mrr@10=0.14331096521690873, recall@20=0.5822210010599913, mrr@20=0.15587527653661332"
ex2vec_baseline_DEL__BS512LR5e-05L_DIM64N_EP100,ex2vec,,"acc=0.6107005308629124, recall=0.7546215216968282, f1=0.6006054098722889, bacc=0.5998935719495779"
ex2vec_baseline_finaltrain_DEL__BS512LR0.0003208416119525183L_DIM64N_EP30,ex2vec,"num_epoch=30,batch_size=512,learning_rate=0.0003208416119525183,rmsprop_alpha=0.6000000000000001,momentum=0.8,l2_regularization=8.400584873492367e-05","acc=0.6346291560102302, recall=0.781653624964646, f1=0.6241285168363534, bacc=0.6209509319053355"
GRU4Rec_bestparams_SM_DEL,,"loss=cross-entropy,constrained_embedding=True,embedding=0,elu_param=0,layers=64,n_epochs=5,batch_size=224,dropout_p_embed=0.30000000000000004,dropout_p_hidden=0.15000000000000002,learning_rate=0.0011,momentum=0.7000000000000001,n_sample=256,sample_alpha=0.2,bpreg=0.55,logq=0.9","recall@1=0.05308206306118188, mrr@1=0.05308206306118188, recall@5=0.22278868239716015, mrr@5=0.1099804955732103, recall@10=0.3800135727709334, mrr@10=0.13063395402455882, recall@20=0.5806379202338693, mrr@20=0.14451813415486323"
