model_name,item_embds,params,results
ex2vec_baseline_DEL__BS512LR5e-05L_DIM64N_EP100,ex2vec,,"acc=0.5990354805373751, recall=0.7198795180722891, f1=0.5914038562614461, bacc=0.5787651814013899"
ex2vec_baseline_finaltrain_DEL__BS512LR0.0003208416119525183L_DIM64N_EP30,ex2vec,"num_epoch=30,batch_size=512,learning_rate=0.0003208416119525183,rmsprop_alpha=0.6000000000000001,momentum=0.8,l2_regularization=8.400584873492367e-05","acc=0.600067842605156, recall=0.7131173324944952, f1=0.5937692202165644, bacc=0.59045634751335"
GRU4Rec_bestparams_SM_DEL,,"loss=cross-entropy,constrained_embedding=True,embedding=0,elu_param=0,layers=64,n_epochs=5,batch_size=224,dropout_p_embed=0.30000000000000004,dropout_p_hidden=0.15000000000000002,learning_rate=0.0011,momentum=0.7000000000000001,n_sample=256,sample_alpha=0.2,bpreg=0.55,logq=0.9","recall@1=0.04642455485935022, mrr@1=0.04642455485935022, recall@5=0.20953917726691673, mrr@5=0.10095699336597444, recall@10=0.36491404541866623, mrr@10=0.1213256363248106, recall@20=0.5661406707321333, mrr@20=0.13526820891405952"
ex2vec_gruembds_finaltrain_DEL__BS512LR0.0003208416119525183L_DIM64N_EP1,GRU4Rec_bestparams_SM_DEL,"num_epoch=1,batch_size=512,learning_rate=0.0003208416119525183,rmsprop_alpha=0.6000000000000001,momentum=0.8,l2_regularization=8.400584873492367e-05","acc=0.4281777471581123, recall=0.0, f1=0.2567414084503297, bacc=0.5"
